,city,month,temperature_2m_mean_max,temperature_2m_mean_mean,temperature_2m_mean_min,temperature_2m_mean_std,precipitation_sum_max,precipitation_sum_mean,precipitation_sum_min,precipitation_sum_std,wind_speed_10m_max_max,wind_speed_10m_max_mean,wind_speed_10m_max_min,wind_speed_10m_max_std
0,London,2010-01-01,6.6,1.3548387096774193,-3.0,2.733476261670893,9.4,1.4806451612903229,0.0,2.2441656734502633,29.6,18.164516129032258,9.2,4.811829062293379
1,London,2010-02-01,7.2,3.1464285714285714,0.2,2.301124063946131,11.4,2.757142857142857,0.0,3.6407598485937354,38.3,20.29285714285714,10.2,6.068493532715822
2,London,2010-03-01,11.2,6.15483870967742,-0.3,3.1991497526350567,8.1,1.3548387096774193,0.0,2.186906294239638,31.6,20.89032258064516,12.6,5.073155154911631
3,London,2010-04-01,13.8,9.120000000000001,5.0,2.2623454414725717,6.3,0.7300000000000001,0.0,1.486989553101999,29.9,17.76,7.9,5.974347461121332
4,London,2010-05-01,18.9,11.103225806451615,6.4,3.5003317815094563,10.7,1.0774193548387097,0.0,2.428402722973732,30.9,17.306451612903224,7.6,5.9385708428808
5,London,2010-06-01,21.2,16.153333333333332,11.7,2.9425221803087904,11.4,1.2233333333333334,0.0,2.3907412403187682,26.0,15.889999999999999,8.8,4.782752778257625
6,London,2010-07-01,21.3,18.629032258064516,16.4,1.3757891186241922,5.7,0.7741935483870969,0.0,1.3937880618265899,34.8,18.783870967741933,12.9,5.371039426044928
7,London,2010-08-01,19.8,16.241935483870968,12.3,1.7964361373839384,27.5,3.770967741935484,0.0,6.314913224444027,32.5,19.93225806451613,8.7,5.527952429653871
8,London,2010-09-01,16.9,13.983333333333333,9.9,1.7172719611365426,10.2,1.2799999999999998,0.0,2.5330096586934845,31.9,19.12333333333333,8.8,6.804140896052442
9,London,2010-10-01,15.5,10.858064516129037,4.5,3.1781309175413557,15.6,2.2064516129032254,0.0,3.8684997508828474,31.1,20.38387096774193,12.6,5.120097445309256
10,London,2010-11-01,14.9,5.786666666666665,-2.5,4.795956150998344,13.4,1.7833333333333334,0.0,3.185536638960683,39.8,21.189999999999998,7.7,8.149649876126475
11,London,2010-12-01,5.4,-0.06129032258064506,-6.3,3.094153348855961,5.9,0.9483870967741935,0.0,1.7585734687983017,29.9,17.52903225806451,6.9,5.931621113343136
12,London,2011-01-01,11.3,4.348387096774193,-0.2,3.1658459604284745,16.2,2.3806451612903228,0.0,4.06074043780513,33.7,20.39354838709677,8.8,6.822606319380249
13,London,2011-02-01,10.8,6.653571428571428,2.2,2.2173527998840057,6.7,1.417857142857143,0.0,2.198493351337005,42.9,22.378571428571426,11.5,8.692455525844412
14,London,2011-03-01,12.4,6.564516129032259,2.1,2.687321887071063,5.0,0.31935483870967746,0.0,0.959659437800275,37.8,16.92258064516129,7.8,6.56407950781724
15,London,2011-04-01,17.7,12.3,7.2,2.58856903619981,1.4,0.11,0.0,0.31660919018617384,27.9,17.269999999999996,7.1,6.411689217412963
16,London,2011-05-01,17.9,13.4,9.4,1.7998148052878478,6.9,0.5741935483870968,0.0,1.5242413942538726,39.1,22.28709677419355,8.8,6.236598535285287
17,London,2011-06-01,22.9,15.020000000000001,11.4,2.4876799882898784,10.2,2.506666666666667,0.0,3.4031358088288712,30.3,20.88666666666666,13.2,5.360952908947627
18,London,2011-07-01,18.1,15.829032258064514,14.3,1.0764737335043209,8.2,1.532258064516129,0.0,2.2365728390812865,30.9,17.18387096774193,9.2,6.520587743150843
19,London,2011-08-01,21.6,16.416129032258066,13.3,1.9817663458294892,25.7,2.4032258064516125,0.0,5.514253281026529,29.8,17.822580645161295,8.4,5.361760263036717
20,London,2011-09-01,18.8,15.573333333333334,11.8,1.8322651015338505,8.0,0.9766666666666667,0.0,2.0116356928926122,38.4,20.749999999999996,8.6,7.562692003832205
21,London,2011-10-01,18.4,13.170967741935483,6.8,3.144539558068568,3.2,0.5806451612903226,0.0,0.997804040493827,36.3,21.248387096774195,9.1,7.060588784123788
22,London,2011-11-01,14.6,10.173333333333336,6.2,1.9355001729631103,12.6,0.7933333333333332,0.0,2.4047271453697534,36.6,20.153333333333332,11.2,6.611366040353555
23,London,2011-12-01,10.8,6.103225806451613,0.5,2.735017839182253,8.4,1.9483870967741934,0.0,2.5915080510186774,43.2,26.061290322580653,13.3,7.188077045559767
24,London,2012-01-01,10.7,5.593548387096772,-0.5,3.304939281728785,11.5,1.293548387096774,0.0,2.8203942376756443,46.2,22.11290322580645,9.7,9.22943631126278
25,London,2012-02-01,11.3,3.686206896551724,-2.6,4.403466502811088,5.7,0.6241379310344828,0.0,1.3219723285448994,37.2,18.78965517241379,5.5,6.861660816636275
26,London,2012-03-01,11.0,7.929032258064516,4.9,1.7235996341739952,13.0,0.7806451612903226,0.0,2.5929930395637015,35.3,15.845161290322581,7.2,7.106609069951595
27,London,2012-04-01,12.2,7.759999999999999,5.1,1.5455386294662496,17.4,3.6,0.0,4.54729931217231,35.8,21.869999999999997,8.0,8.327194750562347
28,London,2012-05-01,18.7,12.651612903225805,6.8,3.8990486846359445,19.6,2.403225806451613,0.0,4.446383089730929,31.3,19.10967741935484,11.2,4.629280350026318
29,London,2012-06-01,19.8,14.32,10.6,2.132733392653177,32.9,4.42,0.0,6.516313745330728,39.2,23.62666666666667,9.0,8.023711985296362
30,London,2012-07-01,21.1,16.07741935483871,13.5,1.8911565557297396,25.5,3.4064516129032256,0.0,5.17718942309248,32.4,18.025806451612905,7.7,5.539312095795258
31,London,2012-08-01,22.7,17.44516129032258,12.5,2.168999571181365,6.5,1.7451612903225806,0.0,2.200884475186801,28.7,18.948387096774194,6.2,5.252546745325352
32,London,2012-09-01,17.7,13.82333333333333,10.7,2.1732993086681525,25.5,1.4300000000000002,0.0,4.8485440402604185,32.3,19.266666666666666,8.7,5.65906860457305
33,London,2012-10-01,14.0,10.529032258064513,4.4,2.5121297137936036,12.4,2.670967741935484,0.0,3.225026464840983,37.6,20.61935483870968,9.7,7.4069975633333245
34,London,2012-11-01,11.6,6.916666666666667,-0.2,2.586847813303945,13.6,3.043333333333334,0.0,4.325679801733646,43.2,21.916666666666664,6.8,8.887305294761672
35,London,2012-12-01,10.9,5.077419354838709,-1.2,3.565642501936068,14.3,2.7677419354838713,0.0,4.182613783809848,40.0,24.33225806451613,9.0,8.045014485040792
36,London,2013-01-01,10.9,3.6612903225806455,-2.3,4.346084630204896,5.0,1.4483870967741934,0.0,1.8547005091104665,40.4,20.26451612903226,8.6,8.523792128980181
37,London,2013-02-01,7.8,2.725,0.2,1.9130400472081661,12.3,1.2464285714285714,0.0,2.7781531492405027,31.9,20.835714285714285,6.9,5.983385285179241
38,London,2013-03-01,8.5,2.9193548387096775,-0.2,2.4822596365460656,8.7,1.8612903225806452,0.0,2.9314021013108884,36.8,20.032258064516128,8.2,7.6484153956565475
39,London,2013-04-01,14.2,7.496666666666667,1.8,3.70493457835426,8.1,1.3466666666666667,0.0,2.2596510767164357,41.4,22.94,11.9,6.301483131388389
40,London,2013-05-01,14.6,10.919354838709678,7.1,1.8410901398969597,11.6,1.7483870967741935,0.0,3.1092197271707827,41.6,20.629032258064523,7.6,7.915815121151963
41,London,2013-06-01,19.0,14.406666666666665,11.9,1.8958999925125783,3.0,0.66,0.0,0.8684508601825001,36.0,20.363333333333333,8.7,6.696086522189186
42,London,2013-07-01,24.0,19.325806451612905,14.5,2.39540779297047,25.4,1.5290322580645164,0.0,4.656120956933076,25.4,16.241935483870964,7.8,4.934556663203453
43,London,2013-08-01,22.9,17.732258064516127,15.3,1.4656937144288118,19.2,1.761290322580645,0.0,4.158659833756931,32.6,17.83225806451613,8.5,4.991552002919479
44,London,2013-09-01,20.4,14.293333333333333,11.1,2.402431718263714,14.4,1.7033333333333336,0.0,3.1761485387541124,31.9,16.796666666666667,7.7,5.984375249467297
45,London,2013-10-01,17.2,12.916129032258063,8.9,2.423371862260454,18.1,2.9483870967741943,0.0,4.001072436880054,46.5,24.312903225806448,10.2,8.215462735414802
46,London,2013-11-01,11.9,6.510000000000001,2.4,2.6029625032073453,9.3,1.773333333333333,0.0,2.5854944612579245,35.8,20.95,7.7,7.385902228173477
47,London,2013-12-01,11.2,6.316129032258064,2.6,2.3114348753092093,16.8,2.761290322580645,0.0,4.48365010672888,53.6,26.696774193548393,9.2,12.86692099587071
48,London,2014-01-01,10.6,6.151612903225805,3.4,2.0490438368081074,17.9,3.5290322580645155,0.0,4.161105105488772,43.8,26.361290322580647,8.4,7.98551511255869
49,London,2014-02-01,9.6,6.514285714285714,4.3,1.4263951677579303,11.6,3.55,0.0,3.712690947826667,52.5,31.353571428571424,17.7,9.746356665645283
50,London,2014-03-01,12.6,7.7548387096774185,3.9,2.369224726878312,8.7,0.9290322580645162,0.0,1.9591143489490512,34.8,19.580645161290324,8.3,6.474381275707032
51,London,2014-04-01,13.0,10.806666666666667,7.0,1.5745679940275972,11.9,2.1266666666666665,0.0,3.189306846466727,30.8,18.09666666666667,9.0,5.832340473797706
52,London,2014-05-01,18.4,12.687096774193547,8.2,2.1331888391926097,12.8,2.5032258064516126,0.0,3.398184208364593,36.2,18.66774193548387,7.3,7.7199908072818415
53,London,2014-06-01,19.1,16.00333333333333,12.4,1.6392772447202064,6.8,1.05,0.0,1.8294054055706281,24.1,15.493333333333334,6.7,4.729433394169439
54,London,2014-07-01,23.0,18.929032258064513,15.5,1.9940233279122046,11.8,1.6387096774193548,0.0,2.9296959363677813,28.6,16.993548387096777,10.8,3.912964390660953
55,London,2014-08-01,19.7,15.941935483870967,12.9,1.890462764078042,20.6,3.116129032258064,0.0,5.60530087055658,34.0,19.9741935483871,9.4,5.286017262043669
56,London,2014-09-01,18.8,15.85,12.4,1.4968357429522152,7.0,0.43666666666666665,0.0,1.311088869218447,20.7,13.596666666666666,6.0,4.03412028040583
57,London,2014-10-01,17.6,13.338709677419352,9.8,2.0129046043557453,17.3,2.454838709677419,0.0,3.90451351725815,38.5,21.729032258064517,8.4,6.7651160890944615
58,London,2014-11-01,14.8,9.046666666666665,2.9,2.2539977256258346,16.4,3.273333333333333,0.0,3.877159761486745,32.3,18.963333333333328,9.7,7.071676547707926
59,London,2014-12-01,11.5,5.1903225806451605,-0.5,3.2339196896552305,10.5,1.1838709677419357,0.0,2.8367935859808986,41.9,24.503225806451614,10.9,7.7642979451232526
60,London,2015-01-01,11.1,4.62258064516129,0.4,3.0193497840229724,13.0,2.1387096774193552,0.0,3.5452952316513633,45.9,25.803225806451607,9.9,9.451648317303098
61,London,2015-02-01,8.2,3.8642857142857143,-1.1,2.095535693151,8.1,1.596428571428571,0.0,2.4881172627566235,34.2,20.696428571428566,7.3,7.8974671112000685
62,London,2015-03-01,10.1,6.45483870967742,4.2,1.6636984321439627,6.1,0.6903225806451613,0.0,1.3287474901098095,42.6,22.58387096774194,11.3,8.276758494893741
63,London,2015-04-01,14.4,9.309999999999999,6.7,1.6822296370365544,5.4,0.82,0.0,1.525733288935362,29.6,18.84666666666667,7.6,6.480832925041261
64,London,2015-05-01,15.3,11.858064516129033,7.8,1.6078503648346525,12.0,1.716129032258065,0.0,2.8182851493054595,44.3,22.98064516129032,12.8,7.584432272967161
65,London,2015-06-01,19.9,15.386666666666665,10.9,2.232477104695254,6.3,0.9,0.0,1.6303162375694964,40.2,19.766666666666666,10.8,6.314260452140953
66,London,2015-07-01,25.9,17.419354838709676,13.7,2.3840329073286313,24.1,2.406451612903226,0.0,4.90883119040714,30.0,21.067741935483873,9.8,5.027284694330476
67,London,2015-08-01,21.0,17.003225806451614,14.5,1.5687540429627036,22.8,3.4516129032258065,0.0,5.959690761985443,33.3,18.44193548387097,8.1,5.532857862717265
68,London,2015-09-01,16.2,13.433333333333335,11.3,1.0736124431846528,14.7,1.9666666666666666,0.0,3.8170518803746,29.1,17.363333333333333,10.3,4.458659403695344
69,London,2015-10-01,15.5,11.541935483870969,7.3,1.6447439909295687,12.9,1.6516129032258062,0.0,3.4485621127016532,28.5,17.622580645161293,8.7,4.807820689766438
70,London,2015-11-01,14.4,10.050000000000002,1.2,3.5963343406384194,8.0,1.8333333333333335,0.0,2.379993238665176,45.9,26.866666666666664,7.4,9.913325526204904
71,London,2015-12-01,13.6,10.62258064516129,7.7,1.7734541958974404,7.5,1.7290322580645159,0.0,2.1863506196989686,41.1,29.083870967741937,13.9,6.658282900477848
72,London,2016-01-01,10.8,5.625806451612903,-0.7,3.227379508924176,11.3,2.335483870967742,0.0,3.1515655778355387,38.1,24.9741935483871,8.1,7.844402154485089
73,London,2016-02-01,11.2,5.106896551724137,0.9,2.9949876024645334,7.7,1.186206896551724,0.0,1.9838138121757574,49.8,25.220689655172414,8.9,10.156010863042944
74,London,2016-03-01,9.2,5.7129032258064525,1.6,2.038257742204335,14.6,2.058064516129032,0.0,3.399781776678065,48.0,21.935483870967737,6.8,9.705103413053594
75,London,2016-04-01,10.7,7.8566666666666665,4.9,1.7139756835142559,12.5,1.7866666666666666,0.0,2.508706677832683,32.1,19.166666666666668,8.8,5.488441354860879
76,London,2016-05-01,17.9,13.009677419354839,8.5,2.4096133629982606,11.6,1.5483870967741935,0.0,3.2817547102875655,31.7,19.138709677419357,11.6,5.700682849118741
77,London,2016-06-01,18.9,15.549999999999999,11.6,1.7016726051659918,22.0,3.75,0.0,5.571711183939938,32.8,17.41666666666667,7.6,6.122828022123906
78,London,2016-07-01,23.6,17.987096774193546,14.3,2.3366274750137745,6.3,0.7290322580645161,0.0,1.3572505414469593,31.0,18.429032258064513,5.8,6.10940223744719
79,London,2016-08-01,23.8,18.274193548387096,14.8,1.9909742576496707,12.7,1.4419354838709677,0.0,2.985941972370795,36.3,18.68064516129032,9.6,5.8278880883123065
80,London,2016-09-01,23.3,17.336666666666666,13.2,2.3514461190030937,16.6,1.2633333333333334,0.0,3.281345742992877,29.4,18.88333333333333,9.4,6.256973121540331
81,London,2016-10-01,13.8,11.329032258064515,9.1,1.286388626708403,7.5,0.6000000000000001,0.0,1.495103117959873,28.0,17.47741935483871,7.2,5.348501950853114
82,London,2016-11-01,12.7,6.586666666666667,-0.6,2.822414389933864,15.8,2.1700000000000004,0.0,4.470296603597789,33.7,20.75,9.4,6.773617685677583
83,London,2016-12-01,11.3,6.300000000000001,1.1,3.226039884027061,5.4,0.28709677419354834,0.0,0.9989133881319476,35.3,16.53548387096774,5.7,6.953203021490492
84,London,2017-01-01,7.5,2.883870967741936,-1.2,2.9113681519397425,17.8,2.196774193548387,0.0,4.069519535192309,34.1,17.841935483870973,7.4,7.1378696258546865
85,London,2017-02-01,11.6,6.532142857142858,1.3,3.041205118276071,10.7,1.5464285714285715,0.0,2.210326294473811,53.4,24.146428571428572,12.9,8.78397033923925
86,London,2017-03-01,14.4,9.17741935483871,6.1,2.227810536142209,6.9,1.3193548387096774,0.0,2.0693669490673887,41.1,25.49032258064516,10.2,7.798861234766252
87,London,2017-04-01,13.6,9.659999999999998,5.5,1.8113816407029917,2.7,0.4233333333333333,0.0,0.7266756300195898,26.2,18.19,9.5,5.127165648407206
88,London,2017-05-01,18.9,13.819354838709678,9.1,3.1362843573076207,25.5,2.374193548387097,0.0,5.100455387638473,33.2,20.603225806451615,10.5,6.165575608217384
89,London,2017-06-01,23.8,17.56,12.8,2.88738039011859,19.5,2.1266666666666665,0.0,4.3192379063851085,41.9,22.589999999999996,9.4,8.842388115560574
90,London,2017-07-01,21.6,17.919354838709676,15.0,1.8434423153146053,12.8,2.3806451612903223,0.0,3.4054289357669965,33.1,21.54838709677419,12.9,5.583241052037901
91,London,2017-08-01,19.9,16.596774193548384,13.3,1.659615190532179,14.2,2.051612903225806,0.0,3.234488209670059,39.8,20.4,9.1,6.3940597432304305
92,London,2017-09-01,17.7,14.169999999999998,10.6,1.8424402858428144,10.2,2.2800000000000002,0.0,2.508660859969882,42.7,20.9,10.2,8.517568051811583
93,London,2017-10-01,17.1,13.087096774193549,6.2,2.3274796004095464,8.0,0.767741935483871,0.0,1.5593560843660634,42.0,24.574193548387104,9.0,8.432277973831093
94,London,2017-11-01,13.8,7.186666666666667,0.9,3.2334174654299006,8.2,1.2333333333333334,0.0,2.0293252374965007,44.1,19.94,9.4,8.869848189036368
95,London,2017-12-01,10.8,5.158064516129032,-0.9,3.465907691937605,22.4,2.9290322580645163,0.0,5.039986345774301,39.4,23.609677419354842,11.0,9.268238050413885
96,London,2018-01-01,10.7,5.912903225806451,2.6,2.216565201008664,9.3,1.8741935483870968,0.0,2.9500246035059305,49.4,27.293548387096774,11.4,10.32582314665102
97,London,2018-02-01,7.7,2.789285714285714,-3.3,2.63077784381199,6.1,1.1821428571428574,0.0,1.9041968407876346,32.1,23.435714285714287,10.9,6.4853803843844595
98,London,2018-03-01,10.4,5.4161290322580635,-2.0,3.0491634671598646,11.2,3.1548387096774198,0.0,3.1054617165758587,37.6,24.170967741935485,11.3,7.18870380288348
99,London,2018-04-01,17.4,10.706666666666669,5.5,3.1063820105393187,12.1,2.326666666666667,0.0,3.0916944727193982,39.0,22.236666666666665,11.5,7.4254215407255675
100,London,2018-05-01,19.1,13.987096774193548,8.3,2.715233806443915,16.3,1.9870967741935486,0.0,3.5568470996547745,32.7,18.619354838709675,10.3,6.257817476556221
101,London,2018-06-01,20.2,16.996666666666666,14.5,1.820474234033981,4.6,0.3866666666666667,0.0,0.9171670525585022,35.7,19.18,11.0,5.791218084008901
102,London,2018-07-01,25.4,21.006451612903227,17.7,2.043842049322952,6.7,1.1193548387096774,0.0,2.1062477465608063,44.1,19.006451612903227,8.7,8.492150708502175
103,London,2018-08-01,24.4,18.190322580645162,13.3,2.97325353092194,12.9,1.970967741935484,0.0,3.502113033430636,32.0,19.60322580645161,10.6,5.806748021108301
104,London,2018-09-01,19.2,14.646666666666665,9.7,2.929014584596944,13.3,1.1633333333333333,0.0,2.7991973397969705,43.3,21.39666666666666,8.3,9.585926585664378
105,London,2018-10-01,20.7,11.506451612903225,4.8,3.7927945268074628,16.3,1.132258064516129,0.0,3.214175591218189,37.4,20.774193548387096,9.9,6.220609173917267
106,London,2018-11-01,12.3,8.443333333333333,0.6,2.9881009230674893,7.4,1.7399999999999998,0.0,2.4678065089299936,43.3,23.276666666666667,11.2,8.25994419841439
107,London,2018-12-01,12.9,7.12258064516129,1.3,2.8488254512365097,10.4,2.106451612903226,0.0,3.1097626365872335,39.3,21.85806451612903,5.8,9.099698683419811
108,London,2019-01-01,9.5,3.609677419354839,-0.8,2.812632792564015,9.5,0.8709677419354839,0.0,1.8683671210243267,36.7,19.870967741935484,9.2,7.559990897189718
109,London,2019-02-01,9.3,6.632142857142857,0.8,2.3379404629856615,14.9,2.075,0.0,3.8944048183116364,42.2,22.557142857142853,10.2,8.970008818337817
110,London,2019-03-01,11.4,8.506451612903227,6.1,1.6082983727884506,7.8,1.5806451612903225,0.0,2.1909540318985417,53.7,27.26129032258065,10.8,13.52860370768432
111,London,2019-04-01,14.5,9.256666666666668,3.2,3.1910092807582147,6.7,1.28,0.0,2.0352751233153237,41.8,20.053333333333335,7.9,7.181908944838692
112,London,2019-05-01,17.5,12.16774193548387,7.4,2.7198513558372013,12.6,1.5032258064516126,0.0,2.6696421571648563,30.5,18.919354838709676,8.3,5.687554797089209
113,London,2019-06-01,22.4,15.743333333333334,11.6,2.627924752679788,31.3,3.01,0.0,6.32124769438701,35.1,21.459999999999997,10.6,6.464577219021338
114,London,2019-07-01,27.5,18.8258064516129,15.6,2.6014057407403772,21.1,2.264516129032258,0.0,4.933122634268399,39.2,19.238709677419358,8.9,6.220754371154399
115,London,2019-08-01,23.3,18.209677419354843,14.8,2.1354710391714016,11.9,1.5225806451612904,0.0,2.8837140030892288,48.1,21.632258064516133,8.5,8.93205415332047
116,London,2019-09-01,18.3,15.413333333333332,12.5,1.6391194720575317,17.8,2.923333333333333,0.0,4.585259992127197,37.7,21.95,9.2,7.639089582873892
117,London,2019-10-01,15.2,11.164516129032258,6.6,2.30933589113072,12.5,3.5870967741935487,0.0,4.379554158091428,39.6,23.70967741935484,11.6,7.665957423949499
118,London,2019-11-01,13.0,6.8900000000000015,2.7,2.5836822159668644,15.4,3.3500000000000005,0.0,4.107751293549205,47.2,20.473333333333333,10.1,6.865552861347295
119,London,2019-12-01,11.2,6.335483870967742,0.8,2.1278390269781178,14.5,3.3096774193548386,0.0,3.897550926646945,42.2,24.174193548387098,10.2,8.339942755276581
120,London,2020-01-01,10.8,6.674193548387096,0.2,2.856334217365034,12.5,1.9161290322580644,0.0,2.9769219869067842,48.3,24.516129032258064,6.1,11.553328431645244
121,London,2020-02-01,11.3,7.086206896551725,2.7,2.38862245685234,18.8,3.5413793103448277,0.0,4.921419455617259,53.0,34.11724137931035,10.6,9.747273207177967
122,London,2020-03-01,12.4,6.858064516129032,4.1,2.029412754722966,15.4,1.464516129032258,0.0,3.0092688355697277,40.9,26.838709677419352,12.2,7.969930046508348
123,London,2020-04-01,15.6,10.956666666666667,4.3,2.5582433807990785,13.6,1.1466666666666667,0.0,3.025835117933484,33.6,19.899999999999995,10.6,6.419958104922922
124,London,2020-05-01,19.1,13.729032258064514,8.2,3.5611976963176404,2.2,0.15161290322580645,0.0,0.45524423316276835,37.0,20.73548387096774,8.4,7.448603823853916
125,London,2020-06-01,23.2,16.103333333333335,11.1,2.8633815713223596,22.4,2.6666666666666665,0.0,4.381570599629797,38.9,22.25333333333333,10.9,7.829948400470017
126,London,2020-07-01,24.2,17.39032258064516,14.9,1.907416199768625,11.1,1.5096774193548388,0.0,2.7876339834717276,41.9,21.458064516129028,10.1,7.732562067583568
127,London,2020-08-01,26.1,19.222580645161294,13.0,3.7443031997439666,11.9,2.4,0.0,3.7742107342683804,43.3,21.712903225806453,8.7,9.14351288931061
128,London,2020-09-01,21.2,15.403333333333334,10.1,2.648419611160892,6.0,0.8499999999999998,0.0,1.789769779069075,39.7,21.296666666666667,8.5,7.871444827867431
129,London,2020-10-01,15.0,11.212903225806452,8.8,1.9038105535099634,34.6,5.119354838709677,0.0,8.55571619269202,43.1,25.770967741935483,9.4,7.2398523718092065
130,London,2020-11-01,14.6,9.27,4.5,2.9470207047937005,14.9,1.5966666666666667,0.0,3.20941323816883,45.1,22.540000000000003,9.6,10.137625376579175
131,London,2020-12-01,11.1,5.703225806451615,-0.6,3.3985765521237217,14.0,2.738709677419355,0.0,3.83211668397113,49.9,22.738709677419358,9.8,9.501567499430635
132,Madrid,2010-01-01,9.6,4.393548387096775,-1.5,2.945158228219209,10.9,1.6774193548387095,0.0,3.1760257846790596,30.2,14.338709677419356,5.0,7.264143786175804
133,Madrid,2010-02-01,11.9,5.057142857142856,-0.0,3.068167334688705,20.9,2.5428571428571436,0.0,4.615226696525043,39.3,16.360714285714288,5.9,8.11187238219226
134,Madrid,2010-03-01,12.6,7.393548387096774,2.0,3.246735333004624,16.2,1.7322580645161292,0.0,3.8213773343106006,29.1,15.290322580645162,7.5,6.142928445983489
135,Madrid,2010-04-01,19.2,12.293333333333333,7.3,3.6160497911331397,13.9,2.2333333333333334,0.0,3.7305202866618217,18.2,11.323333333333334,6.5,3.2652489299764946
136,Madrid,2010-05-01,23.5,14.941935483870967,7.5,4.597664203596459,4.0,0.6645161290322581,0.0,1.2432614064351806,34.7,14.741935483870966,6.0,6.459709704186838
137,Madrid,2010-06-01,25.9,20.453333333333333,12.7,4.69113127546844,20.1,1.4233333333333333,0.0,4.128762303756362,25.0,13.046666666666669,6.5,4.663337071634235
138,Madrid,2010-07-01,30.5,27.43870967741935,24.6,1.678030079061922,2.0,0.14193548387096774,0.0,0.474534293490918,18.3,13.841935483870968,8.9,2.8903026593015473
139,Madrid,2010-08-01,29.0,25.816129032258058,20.9,2.099539119932999,1.6,0.07419354838709678,0.0,0.2977333728192435,22.7,14.816129032258065,7.4,4.541225735723308
140,Madrid,2010-09-01,26.2,20.439999999999998,14.4,3.451296607923183,8.2,0.7,0.0,1.9020859692670984,25.8,11.543333333333333,6.1,4.394093475480963
141,Madrid,2010-10-01,18.8,13.235483870967743,9.1,2.669650212680402,28.1,1.4290322580645163,0.0,5.143487373911926,32.6,12.825806451612904,6.2,6.835201423120145
142,Madrid,2010-11-01,13.4,7.2666666666666675,0.8,3.488536234220775,7.5,1.0133333333333332,0.0,1.8863819288811043,29.0,12.669999999999996,6.6,5.7327341975108475
143,Madrid,2010-12-01,11.7,5.080645161290323,-0.1,3.8731055028954664,24.3,2.6645161290322585,0.0,4.993832755649497,27.9,12.238709677419354,5.8,6.202616513448435
144,Madrid,2011-01-01,10.1,4.516129032258063,-0.8,3.0461009804003054,10.3,1.2258064516129032,0.0,2.586241512560326,25.7,11.132258064516128,5.4,5.039139284757149
145,Madrid,2011-02-01,10.5,6.424999999999999,1.9,2.1577809245886197,12.4,1.0214285714285716,0.0,2.657255217513984,28.0,13.692857142857145,6.4,6.73882771272563
146,Madrid,2011-03-01,12.9,8.038709677419353,2.8,2.481219783272579,21.2,2.7258064516129026,0.0,4.931934559037017,22.6,13.03225806451613,7.2,3.8307864376891065
147,Madrid,2011-04-01,19.2,14.913333333333332,10.3,1.9835067054524196,19.6,2.066666666666667,0.0,4.9909112797463,17.1,12.120000000000001,6.1,3.268280155129575
148,Madrid,2011-05-01,22.9,17.503225806451614,13.1,2.631537430345962,21.0,1.7387096774193551,0.0,4.631823069401136,19.4,11.899999999999999,6.8,3.662694818481787
149,Madrid,2011-06-01,29.1,22.05,14.7,4.5404503802125635,11.1,0.47,0.0,2.055463703032179,21.9,13.663333333333332,8.2,3.879342579687274
150,Madrid,2011-07-01,27.7,24.577419354838714,19.7,1.9369580407465987,0.4,0.012903225806451613,0.0,0.07184212081071,24.7,16.219354838709677,7.6,3.521024411052245
151,Madrid,2011-08-01,29.4,25.329032258064522,20.5,2.3713840611742754,3.2,0.2,0.0,0.6110100926607785,20.4,14.651612903225807,8.1,3.4278147526514067
152,Madrid,2011-09-01,25.7,21.973333333333336,18.2,2.137664425348913,3.6,0.14,0.0,0.6625967723726255,17.9,10.933333333333335,6.1,3.1606779427001523
153,Madrid,2011-10-01,21.2,16.39032258064516,9.3,3.5969760298255795,21.7,1.467741935483871,0.0,5.287872104906609,22.3,11.91935483870968,6.9,4.15599321100173
154,Madrid,2011-11-01,14.0,9.830000000000004,5.6,2.1800268900587696,14.3,2.823333333333333,0.0,4.88909295115745,26.9,12.093333333333335,6.3,5.149484964760927
155,Madrid,2011-12-01,9.2,5.103225806451614,2.2,1.6632265572209821,3.2,0.22580645161290322,0.0,0.6826261748744007,27.7,10.700000000000001,5.6,4.860041152089146
156,Madrid,2012-01-01,6.6,4.316129032258064,1.6,1.1716361136443767,2.2,0.13225806451612904,0.0,0.43542094328300557,20.9,10.19032258064516,4.3,3.9273701836139385
157,Madrid,2012-02-01,10.5,3.8172413793103446,-0.9,3.351339707118978,1.6,0.12758620689655173,0.0,0.39360654005540135,30.9,15.117241379310341,6.3,7.4444163623060104
158,Madrid,2012-03-01,14.5,10.432258064516128,5.1,2.7420657780554416,6.9,0.24516129032258063,0.0,1.2363491172743024,21.7,12.506451612903225,7.6,4.212911541429986
159,Madrid,2012-04-01,14.4,10.22,6.3,2.001447751865703,9.7,1.62,0.0,2.7656015121737862,30.6,17.823333333333334,6.4,5.886787270474116
160,Madrid,2012-05-01,25.8,18.338709677419356,9.0,5.1501894734954385,3.9,0.4129032258064516,0.0,0.9200514244627384,22.2,14.564516129032256,7.9,4.488767342830826
161,Madrid,2012-06-01,30.8,23.826666666666668,18.0,3.196650545906399,1.1,0.07,0.0,0.2261369740544052,25.5,16.283333333333328,7.2,5.270417331727604
162,Madrid,2012-07-01,29.9,25.729032258064517,20.3,2.1446357186224883,1.3,0.07419354838709677,0.0,0.26453448664334095,24.7,15.451612903225806,9.8,3.5618226577359646
163,Madrid,2012-08-01,32.3,26.419354838709676,20.5,2.9155238928694227,1.3,0.04838709677419355,0.0,0.23504746718047612,27.1,16.183870967741935,7.9,4.5178237219700925
164,Madrid,2012-09-01,25.2,20.810000000000002,13.2,3.757782728482683,37.5,1.9033333333333333,0.0,7.024709263014737,30.9,14.643333333333333,6.9,5.058395774955925
165,Madrid,2012-10-01,20.4,13.938709677419356,6.5,3.7753302212614317,19.2,1.832258064516129,0.0,4.4813232492776205,20.4,11.193548387096774,5.8,4.012392094820824
166,Madrid,2012-11-01,12.4,8.816666666666665,3.3,2.5176731640384817,22.3,3.1566666666666667,0.0,6.182716919425241,24.6,13.76,9.0,4.163354085515585
167,Madrid,2012-12-01,10.4,5.548387096774194,2.3,2.7396923145664775,4.8,0.44516129032258067,0.0,1.0850003716366243,27.6,11.419354838709681,5.1,5.45303703482984
168,Madrid,2013-01-01,9.5,5.0,1.3,1.9022793345528062,17.3,1.1645161290322579,0.0,3.1938011195748945,30.5,14.63548387096774,7.1,6.131587526195631
169,Madrid,2013-02-01,8.4,5.028571428571428,1.5,2.190527949699044,9.3,1.1857142857142855,0.0,2.351156419283181,28.5,16.242857142857144,7.3,6.091063798800518
170,Madrid,2013-03-01,11.1,7.583870967741935,3.1,2.0639923730791816,19.1,3.3741935483870975,0.0,4.766407993582833,28.6,18.190322580645162,9.3,5.116206592043866
171,Madrid,2013-04-01,18.5,11.096666666666666,4.8,3.7345990260076745,18.9,1.5533333333333332,0.0,3.7296328129643306,28.8,16.156666666666666,7.4,5.129339766166949
172,Madrid,2013-05-01,18.0,13.47096774193548,7.4,3.063679002809868,9.7,1.1483870967741936,0.0,2.239474784816288,22.5,14.209677419354838,6.7,4.146914904577432
173,Madrid,2013-06-01,26.3,20.5,13.7,3.9318329497611653,1.5,0.15,0.0,0.3441631529697346,24.2,15.296666666666665,8.2,3.801314049871061
174,Madrid,2013-07-01,29.5,26.73225806451613,20.2,2.173075715320598,1.8,0.08064516129032258,0.0,0.337065132023184,21.4,13.329032258064515,7.3,3.6172912101356633
175,Madrid,2013-08-01,29.1,26.090322580645168,20.6,2.4985802420187455,0.3,0.019354838709677424,0.0,0.06541842165990494,22.9,15.264516129032256,8.5,3.741617153682506
176,Madrid,2013-09-01,24.9,21.94666666666667,16.5,2.094118748622755,9.8,0.5666666666666667,0.0,1.9409086626581915,21.5,13.240000000000004,7.4,3.544067408092494
177,Madrid,2013-10-01,19.6,15.209677419354836,8.4,2.605808235296639,18.1,1.9290322580645163,0.0,4.77878600681436,19.2,12.283870967741935,5.7,3.6709759623469385
178,Madrid,2013-11-01,14.8,7.826666666666666,2.3,3.970401988970763,11.0,0.6133333333333334,0.0,2.0424348777586663,24.2,15.04,8.0,4.291097440210291
179,Madrid,2013-12-01,8.0,4.129032258064517,1.7,1.5390892433269525,16.2,1.4870967741935484,0.0,3.732089846675173,33.4,11.96774193548387,5.4,6.836099623653544
180,Madrid,2014-01-01,9.7,6.203225806451615,3.4,1.6650293032391836,14.3,2.396774193548387,0.0,3.8304467860349085,34.4,15.403225806451612,5.4,6.598357566898383
181,Madrid,2014-02-01,10.8,5.789285714285714,1.7,2.181630257860067,14.2,2.164285714285714,0.0,3.5162284388051974,30.0,18.507142857142856,7.5,7.519452726905683
182,Madrid,2014-03-01,13.7,9.509677419354839,6.7,2.0799607109606146,9.3,0.7193548387096775,0.0,1.9189266713171904,31.6,14.780645161290325,6.9,6.151932994587349
183,Madrid,2014-04-01,19.1,14.426666666666668,8.8,3.1103756656727493,12.7,1.3299999999999998,0.0,3.116048558782364,29.6,14.356666666666671,7.0,5.277779270013904
184,Madrid,2014-05-01,23.1,17.438709677419357,11.4,3.070578384100173,9.2,0.45483870967741935,0.0,1.7148058606690573,28.6,15.851612903225808,6.4,5.204412933126523
185,Madrid,2014-06-01,25.8,21.81333333333333,17.1,1.9864599136417898,6.2,0.36000000000000004,0.0,1.185428774456882,26.4,15.416666666666666,7.4,4.2468717357874
186,Madrid,2014-07-01,29.4,24.17741935483871,16.7,3.529939534649223,9.7,0.4451612903225806,0.0,1.8686606093986886,26.5,14.616129032258065,8.2,4.107074934321145
187,Madrid,2014-08-01,27.5,25.187096774193545,22.4,1.57474695014445,1.6,0.05806451612903227,0.0,0.28725620799602936,20.6,13.88709677419355,7.6,3.8257671941266778
188,Madrid,2014-09-01,28.4,20.90333333333334,16.2,3.6729658534921796,4.5,0.5233333333333333,0.0,1.178451155728052,26.0,13.256666666666668,6.0,4.217997836311256
189,Madrid,2014-10-01,19.2,16.19677419354839,11.7,1.8363884612589902,21.8,2.57741935483871,0.0,6.1879296310058,22.8,11.819354838709677,6.3,4.798223237466046
190,Madrid,2014-11-01,15.1,9.876666666666665,6.4,2.1466386447803383,15.8,2.5300000000000002,0.0,3.8977579762447165,26.7,13.936666666666666,6.3,4.773308209655838
191,Madrid,2014-12-01,10.3,5.283870967741937,1.4,1.9087686736381562,21.6,1.2419354838709677,0.0,4.405585408966545,21.2,10.548387096774192,6.2,4.2443586847910595
192,Madrid,2015-01-01,10.5,3.7322580645161296,1.3,1.911960093163417,7.6,0.9129032258064516,0.0,2.0538974228660773,29.4,12.325806451612898,4.6,6.61190682238921
193,Madrid,2015-02-01,9.5,5.021428571428571,0.5,2.6553031692510976,5.2,0.5642857142857143,0.0,1.1598896134304828,29.4,16.710714285714285,6.6,6.43389976123083
194,Madrid,2015-03-01,15.6,9.819354838709677,5.2,2.90016313964562,16.7,1.4967741935483871,0.0,3.51951548473818,30.3,13.619354838709677,6.8,5.7797588966345135
195,Madrid,2015-04-01,16.4,13.370000000000001,8.4,1.8025173967308172,10.1,0.6366666666666667,0.0,1.9425335985792356,24.6,14.146666666666665,8.0,4.156236139895652
196,Madrid,2015-05-01,26.9,19.43870967741935,14.5,3.3244224981546133,2.0,0.11935483870967742,0.0,0.4206497789838238,29.6,15.683870967741935,5.4,4.947665899134901
197,Madrid,2015-06-01,31.3,23.479999999999997,14.2,4.405592057750053,10.6,0.7366666666666666,0.0,2.343955297522035,22.7,13.273333333333332,7.4,4.184942905994869
198,Madrid,2015-07-01,31.6,28.967741935483872,24.2,1.5750951498823162,3.3,0.24838709677419354,0.0,0.6855027195384593,22.3,14.893548387096777,10.6,2.887436635249447
199,Madrid,2015-08-01,29.4,25.34516129032259,19.5,2.6355061132765902,3.3,0.24516129032258063,0.0,0.6893662353579648,24.3,15.306451612903228,6.3,4.369892102700857
200,Madrid,2015-09-01,23.3,19.576666666666668,15.0,2.211674873738551,3.1,0.29333333333333333,0.0,0.8545752457067267,33.4,12.900000000000002,7.7,5.275512722262985
201,Madrid,2015-10-01,18.8,14.767741935483869,11.0,2.1401537478686263,15.9,1.374193548387097,0.0,3.31742548189963,27.9,12.506451612903225,6.5,5.523642245467566
202,Madrid,2015-11-01,14.8,10.486666666666668,4.0,2.9879912908211406,31.1,1.3000000000000003,0.0,5.7144100971684475,23.9,11.183333333333334,5.4,5.237930845308086
203,Madrid,2015-12-01,10.1,7.690322580645161,4.9,1.2461553778748666,1.4,0.12580645161290324,0.0,0.3130151667629796,16.9,8.641935483870967,5.4,3.11242394215488
204,Madrid,2016-01-01,10.8,7.009677419354838,1.9,2.409751693807155,9.3,1.5225806451612904,0.0,2.5926446828697727,31.9,14.725806451612904,5.4,7.8079859862380845
205,Madrid,2016-02-01,11.5,6.655172413793103,1.9,2.4127024277614737,11.4,0.9931034482758619,0.0,2.2222785980807367,31.1,18.406896551724138,7.4,7.660983293587744
206,Madrid,2016-03-01,12.6,7.683870967741935,4.8,2.0078341190104236,12.4,1.058064516129032,0.0,2.470731901488354,25.9,15.496774193548386,7.6,5.37509589811926
207,Madrid,2016-04-01,13.9,10.576666666666664,6.9,1.8779451964632887,21.3,2.6666666666666665,0.0,5.151787994495686,26.8,16.463333333333335,7.4,4.941623587259649
208,Madrid,2016-05-01,19.5,14.764516129032257,10.3,2.6956197045202512,29.9,2.132258064516129,0.0,5.787076815156,25.2,14.406451612903224,6.4,4.961312694833291
209,Madrid,2016-06-01,27.8,22.926666666666666,15.3,3.5582767364741783,1.3,0.11333333333333334,0.0,0.33808113016658103,27.3,14.526666666666666,7.8,4.6739139128109555
210,Madrid,2016-07-01,30.6,27.590322580645157,22.6,2.1706150954218297,2.0,0.13870967741935483,0.0,0.3946960175078526,25.0,15.23225806451613,7.1,3.9179405386651966
211,Madrid,2016-08-01,29.1,26.94193548387097,22.9,1.4943837511492575,0.0,0.0,0.0,0.0,22.5,14.01290322580645,8.2,3.64286900995025
212,Madrid,2016-09-01,30.2,22.456666666666667,14.6,4.559997227262718,9.1,0.31333333333333335,0.0,1.6604389393363337,23.5,12.080000000000002,6.1,4.03710377579667
213,Madrid,2016-10-01,21.6,16.209677419354836,12.0,2.8076508375876177,14.6,2.4612903225806453,0.0,4.281641228886795,23.7,10.370967741935484,5.2,4.045589660225655
214,Madrid,2016-11-01,13.8,8.610000000000001,4.3,2.4708437760241426,27.7,3.4099999999999993,0.0,6.854817082999319,24.1,11.690000000000001,5.9,4.254680992134145
215,Madrid,2016-12-01,10.5,6.612903225806453,1.6,1.9527317507334645,23.7,1.5225806451612904,0.0,4.583645541663634,25.5,9.151612903225804,5.4,4.446637003979669
216,Madrid,2017-01-01,9.6,4.3677419354838705,-0.7,2.454028945329726,14.2,0.7258064516129031,0.0,2.5753922344548448,27.1,14.587096774193549,6.6,5.904955090739973
217,Madrid,2017-02-01,10.9,7.842857142857143,3.6,1.721633283838682,10.2,1.4357142857142855,0.0,2.778250753383727,38.8,19.139285714285712,7.8,9.183372223580257
218,Madrid,2017-03-01,16.3,11.08064516129032,3.3,3.4247549162763664,6.0,0.9580645161290322,0.0,1.7606389358314192,38.0,19.54838709677419,7.6,8.086526694353678
219,Madrid,2017-04-01,20.1,15.40666666666667,9.8,3.352706918023244,12.8,1.1366666666666667,0.0,2.7936483787992747,34.1,19.436666666666667,8.7,5.814161269208811
220,Madrid,2017-05-01,25.7,19.22258064516129,10.9,3.969526393028044,8.9,1.6322580645161293,0.0,2.683081201004322,32.5,18.91612903225806,9.8,6.0006164557870525
221,Madrid,2017-06-01,31.8,26.040000000000003,17.1,4.357126544425572,4.8,0.5666666666666667,0.0,1.1606577604020958,36.9,19.44,13.5,5.21321927146881
222,Madrid,2017-07-01,30.8,26.567741935483873,18.8,3.3978804272442353,22.1,1.2193548387096773,0.0,4.6868197714327025,29.1,19.580645161290327,12.6,3.962357829612625
223,Madrid,2017-08-01,31.3,26.354838709677423,19.1,3.741643017862377,35.7,1.606451612903226,0.0,6.590242053413565,33.5,19.48709677419355,9.2,5.273755267705917
224,Madrid,2017-09-01,25.2,21.016666666666666,15.6,2.3388891164077394,2.4,0.08333333333333333,0.0,0.43792877182871,29.5,17.160000000000004,9.9,5.48154269752846
225,Madrid,2017-10-01,22.9,17.880645161290317,11.9,3.5023248806888936,20.2,0.8612903225806451,0.0,3.7628603853411695,23.1,15.025806451612905,7.8,4.148410759309761
226,Madrid,2017-11-01,14.1,8.963333333333333,3.5,2.6126328817330315,11.0,0.6366666666666666,0.0,2.075054354640534,24.8,13.689999999999998,7.2,5.267817057541401
227,Madrid,2017-12-01,10.3,5.570967741935484,1.6,2.5723132971947122,16.9,0.864516129032258,0.0,3.0543464535092464,39.7,18.380645161290325,7.6,8.577506217032187
228,Madrid,2018-01-01,10.3,5.8677419354838705,2.0,2.3315784491447267,27.6,1.8580645161290326,0.0,5.319196317336444,29.4,16.477419354838705,8.6,5.574807002783107
229,Madrid,2018-02-01,9.4,5.210714285714287,0.6,2.81876506788638,26.1,1.9000000000000001,0.0,5.487156721735666,31.4,19.178571428571427,7.1,5.780193329001627
230,Madrid,2018-03-01,13.0,7.758064516129032,4.2,2.1692969972702194,15.8,3.6419354838709674,0.0,4.77554703278751,41.0,26.38064516129032,12.4,6.993493135519555
231,Madrid,2018-04-01,19.5,12.219999999999999,5.7,4.058231311705919,22.1,2.1966666666666668,0.0,4.436796244988069,35.6,19.910000000000004,8.5,7.365780619725994
232,Madrid,2018-05-01,20.4,16.41935483870968,9.5,2.465687105702142,11.6,1.4677419354838712,0.0,2.7414578964210743,29.1,17.887096774193548,10.8,4.7436794393862565
233,Madrid,2018-06-01,29.0,21.539999999999996,14.7,5.08205768806569,6.3,0.6666666666666666,0.0,1.3370924021749666,23.6,18.543333333333333,11.6,3.052492857268983
234,Madrid,2018-07-01,27.9,25.6,21.6,1.8306647244466514,2.0,0.07419354838709677,0.0,0.36144869800612456,26.6,18.980645161290326,11.5,3.514106748031303
235,Madrid,2018-08-01,31.9,27.038709677419348,23.6,2.2066078671956855,0.3,0.01935483870967742,0.0,0.060107430703752865,29.1,19.212903225806453,11.6,4.9200773662944135
236,Madrid,2018-09-01,27.6,23.479999999999997,19.7,1.8642554213041918,8.5,0.51,0.0,1.683663902900764,21.5,14.446666666666667,6.8,3.462382410136551
237,Madrid,2018-10-01,20.2,14.470967741935485,5.4,3.925658632500377,13.5,2.8709677419354835,0.0,4.253641071551689,26.9,17.274193548387096,7.0,5.606839141734881
238,Madrid,2018-11-01,13.1,9.293333333333333,4.8,2.0679714086820535,15.8,2.1033333333333335,0.0,3.294560127965737,34.9,16.583333333333332,8.0,6.826676039415261
239,Madrid,2018-12-01,8.5,6.2064516129032254,3.0,1.2638395161493587,5.7,0.41612903225806447,0.0,1.2535540871706992,27.4,12.032258064516126,5.5,5.161872211822256
240,Madrid,2019-01-01,10.7,4.532258064516129,1.3,2.5177221314479477,4.7,0.4903225806451614,0.0,1.145528942951589,37.1,16.22258064516129,7.8,7.8739532501118035
241,Madrid,2019-02-01,12.3,8.085714285714285,3.2,2.3951670916295997,7.4,0.275,0.0,1.3975176405167686,38.3,13.471428571428572,7.3,6.995917176672201
242,Madrid,2019-03-01,14.8,11.670967741935486,7.6,1.7773001150409942,8.6,0.3548387096774194,0.0,1.5534560844940595,37.8,19.01935483870968,6.8,6.821408425187998
243,Madrid,2019-04-01,18.0,11.529999999999998,6.2,3.3002768953842185,22.2,2.9166666666666665,0.0,5.6742663711333385,36.9,20.556666666666665,8.4,7.552605548730361
244,Madrid,2019-05-01,23.8,18.225806451612904,13.8,2.811520080186219,0.8,0.1032258064516129,0.0,0.23163746238140026,39.2,22.05806451612904,12.5,6.3948820262012855
245,Madrid,2019-06-01,32.0,23.59666666666667,16.9,4.5222426030587455,0.5,0.02333333333333333,0.0,0.09714309861845773,30.3,20.483333333333327,10.1,5.570493900800051
246,Madrid,2019-07-01,31.4,27.87741935483871,22.9,2.509011714788561,0.1,0.012903225806451613,0.0,0.03407771005482388,27.8,20.425806451612903,12.5,3.807446015545109
247,Madrid,2019-08-01,29.3,25.880645161290317,20.9,2.294401789114642,11.0,0.4064516129032258,0.0,1.9734800875392635,28.8,17.7258064516129,8.2,5.137896310224999
248,Madrid,2019-09-01,26.6,20.286666666666665,16.5,2.547037946095538,19.6,2.443333333333334,0.0,5.554723577549877,31.3,18.366666666666664,7.9,7.159480492294132
249,Madrid,2019-10-01,21.4,15.887096774193548,8.9,4.02200132069296,11.2,1.0999999999999999,0.0,2.6722025871304496,31.1,15.661290322580646,7.6,6.093476151828546
250,Madrid,2019-11-01,16.4,9.309999999999999,4.4,3.155657207903467,10.3,1.3666666666666667,0.0,2.212867282327479,34.8,22.813333333333336,10.7,5.7548620123865
251,Madrid,2019-12-01,12.8,7.5935483870967735,4.0,2.2414185216615192,30.4,2.787096774193548,0.0,7.329199225721906,45.3,18.906451612903226,7.5,11.488456104103545
252,Madrid,2020-01-01,11.1,5.4967741935483865,0.8,2.5711844055438395,12.4,0.9548387096774194,0.0,2.473302611176322,34.7,16.061290322580646,7.4,8.262633858496327
253,Madrid,2020-02-01,12.7,9.582758620689654,6.3,1.5427408275804928,1.1,0.08620689655172416,0.0,0.2837556014941562,33.4,13.817241379310344,6.1,5.707643306849737
254,Madrid,2020-03-01,17.6,10.690322580645162,5.3,3.169895354603963,27.4,2.3483870967741933,0.0,5.203388060853039,41.4,20.54193548387097,11.7,7.455502406211955
255,Madrid,2020-04-01,15.8,12.833333333333334,8.5,1.7564331673207403,20.5,3.4699999999999998,0.0,4.764679675885159,30.9,15.776666666666666,6.6,6.984597998124323
256,Madrid,2020-05-01,24.8,19.125806451612902,12.3,3.8496725178414404,13.1,1.3096774193548386,0.0,2.8013514403717927,33.9,17.90967741935484,8.0,5.844048530411641
257,Madrid,2020-06-01,29.4,22.403333333333332,15.5,4.144666979121011,6.0,0.5266666666666666,0.0,1.5852625874801836,33.2,19.786666666666665,10.4,5.2792197263933085
258,Madrid,2020-07-01,31.8,28.541935483870965,24.5,1.8697190864848097,1.1,0.041935483870967745,0.0,0.19794644654280794,34.3,21.03548387096774,12.9,5.046619223935748
259,Madrid,2020-08-01,31.4,25.70645161290323,17.6,3.7760592760063996,21.3,0.7129032258064515,0.0,3.821757181845709,28.2,18.164516129032258,8.9,3.937050366886084
260,Madrid,2020-09-01,25.5,20.453333333333333,14.2,3.651143735148295,13.2,1.1433333333333333,0.0,3.285252662653401,28.5,17.663333333333338,7.6,5.2791380783774455
261,Madrid,2020-10-01,18.4,13.341935483870964,9.0,2.832404654888185,23.9,1.6580645161290324,0.0,4.74171376849822,39.4,17.79354838709677,7.3,8.479659406834331
262,Madrid,2020-11-01,14.3,10.05,5.9,2.2404971738895134,20.7,3.14,0.0,5.744658688579841,23.5,12.640000000000002,6.2,5.9094080455047155
263,Madrid,2020-12-01,12.7,6.3741935483870975,1.8,2.570469184401359,10.2,1.3290322580645162,0.0,2.267038236464352,34.4,18.970967741935485,6.4,8.303621440808707
264,Rio,2010-01-01,29.9,27.967741935483872,26.0,1.081476489734965,27.7,7.116129032258065,0.0,9.212856841544628,12.9,9.841935483870966,6.1,1.6970119216922406
265,Rio,2010-02-01,30.9,28.50714285714286,24.1,1.9994311360296626,29.6,3.6642857142857146,0.0,7.9214296448966595,15.6,11.328571428571427,6.1,2.435517610641736
266,Rio,2010-03-01,29.8,26.422580645161286,22.0,1.9666739566112383,49.5,7.380645161290322,0.0,10.61553639262877,14.8,9.248387096774193,5.9,1.9240358568630223
267,Rio,2010-04-01,27.3,23.71666666666666,20.1,2.1275019078290134,54.1,6.223333333333334,0.0,11.6573103697839,20.6,10.966666666666665,6.4,3.7752673651227564
268,Rio,2010-05-01,25.2,21.780645161290327,19.9,1.3811636048006068,19.6,1.5483870967741937,0.0,3.933096402559688,18.9,9.909677419354837,6.1,2.645796016162203
269,Rio,2010-06-01,21.9,19.45,16.9,1.369306393762915,12.4,1.5333333333333334,0.0,3.0079587915983863,15.8,9.3,5.0,2.8039381172767066
270,Rio,2010-07-01,23.3,20.738709677419354,19.5,0.889073457540616,15.1,1.7870967741935484,0.0,3.865207362741261,15.9,9.751612903225807,6.4,2.0597525689172693
271,Rio,2010-08-01,24.1,20.348387096774193,16.3,2.212671231451845,6.1,0.7290322580645161,0.0,1.4184953409363266,24.3,11.899999999999997,6.7,3.8307527545727442
272,Rio,2010-09-01,25.3,22.133333333333333,18.8,1.8573866203543261,22.8,2.7233333333333336,0.0,5.558012751616035,22.4,12.476666666666665,7.8,3.161697856110437
273,Rio,2010-10-01,26.0,22.148387096774194,18.2,2.1676209643665314,27.7,3.7483870967741932,0.0,6.621876419250662,19.5,13.383870967741938,8.7,2.6637188007487516
274,Rio,2010-11-01,28.6,23.750000000000004,20.2,2.135536757206326,38.7,7.4766666666666675,0.0,9.388278948198943,16.9,11.479999999999999,6.2,2.5686975097414106
275,Rio,2010-12-01,28.7,25.938709677419357,23.4,1.440295668570598,42.2,10.412903225806451,0.0,9.960379575614704,16.2,10.706451612903226,7.6,2.1820381120825196
276,Rio,2011-01-01,29.3,26.829032258064515,23.5,1.3912089582774394,35.1,6.793548387096773,0.0,9.822489008524299,16.6,10.85806451612903,5.8,2.072964735758649
277,Rio,2011-02-01,29.9,27.899999999999995,25.8,1.161097820232278,27.8,4.1,0.0,6.864562784491247,15.6,11.910714285714288,7.4,2.3052820644826517
278,Rio,2011-03-01,27.3,24.66129032258064,22.9,1.1265514988538665,54.8,9.293548387096775,0.0,10.60581398679897,14.8,9.600000000000001,4.3,2.88513431229813
279,Rio,2011-04-01,27.2,24.48,21.3,1.4544580694753864,29.4,4.966666666666668,0.0,8.104844585007564,14.9,9.139999999999999,6.1,1.8201174649474952
280,Rio,2011-05-01,25.4,20.980645161290322,17.9,1.91527532482734,10.9,1.7967741935483872,0.0,2.927397464298023,14.4,9.480645161290324,6.0,2.1535117606425573
281,Rio,2011-06-01,21.9,19.52333333333333,16.8,1.2640065837163035,7.7,1.1066666666666667,0.0,2.159331527042145,20.4,9.840000000000002,6.5,3.064546993580302
282,Rio,2011-07-01,21.9,19.916129032258063,16.3,1.562710630964361,14.7,0.8838709677419354,0.0,2.863226242567819,17.9,10.138709677419353,6.7,2.7451384202324953
283,Rio,2011-08-01,24.7,21.32580645161291,15.7,2.022699144202367,11.2,1.538709677419355,0.0,2.9626201713297453,20.9,12.580645161290324,7.6,3.624216637641732
284,Rio,2011-09-01,25.0,20.85333333333334,17.0,1.9128843239416253,16.2,1.1133333333333333,0.0,3.1716125924806144,20.4,13.446666666666669,8.4,2.7709992388323017
285,Rio,2011-10-01,27.1,23.23548387096774,19.1,2.4518766128684337,24.8,4.109677419354839,0.0,6.389645521660268,19.6,12.925806451612901,7.4,2.9243765993154263
286,Rio,2011-11-01,26.1,22.646666666666665,18.8,2.183911917721916,38.3,5.91,0.0,10.528757008209991,23.5,12.896666666666668,6.1,3.337610474300577
287,Rio,2011-12-01,27.9,24.645161290322577,21.4,2.017066964625852,31.2,7.348387096774193,0.0,8.629324846813217,18.1,11.609677419354838,4.9,2.8552121741019154
288,Rio,2012-01-01,28.2,25.077419354838714,21.3,1.8870982446460587,48.1,10.822580645161292,0.0,14.044280204112024,14.8,10.9,5.5,2.1385353243127256
289,Rio,2012-02-01,29.2,26.851724137931036,24.8,1.1706593653807646,28.8,2.8448275862068964,0.0,6.073101479174762,14.2,10.958620689655174,7.1,1.9321559463421223
290,Rio,2012-03-01,30.1,25.87741935483871,21.9,1.8480096820488354,38.4,6.329032258064514,0.0,10.052236684718054,16.1,10.416129032258064,5.8,2.6629678648947994
291,Rio,2012-04-01,27.4,24.363333333333337,22.1,1.4170107763280717,24.5,3.853333333333333,0.0,5.936022895516151,19.7,9.673333333333334,5.8,2.6637973068448777
292,Rio,2012-05-01,24.7,21.180645161290325,19.0,1.6088130935234435,21.6,2.816129032258064,0.0,5.106733905618707,15.3,8.570967741935485,5.4,1.9736925711952704
293,Rio,2012-06-01,24.8,21.706666666666663,19.7,1.335957188384195,15.7,2.8033333333333332,0.0,4.353158451716078,12.8,8.796666666666665,5.7,2.0509851851939493
294,Rio,2012-07-01,23.1,20.735483870967744,17.6,1.7451930909590438,9.5,1.074193548387097,0.0,2.5134263124183676,19.3,10.209677419354836,6.4,3.5007003907513212
295,Rio,2012-08-01,22.9,20.85161290322581,18.7,0.8445397041157727,7.4,0.9451612903225806,0.0,2.2027011765371807,22.6,12.241935483870968,7.4,3.1330256083162795
296,Rio,2012-09-01,29.1,22.776666666666667,17.2,3.1881984247223856,23.2,1.8266666666666664,0.0,4.999581591688851,20.2,13.576666666666666,7.7,2.7763388610298216
297,Rio,2012-10-01,30.0,24.983870967741936,20.3,2.635032798555336,21.4,1.1645161290322579,0.0,3.8694141147462937,18.7,13.270967741935483,7.6,2.6426241438372196
298,Rio,2012-11-01,27.0,23.543333333333337,20.7,1.520363689097591,18.5,5.12,0.0,5.293353021185773,19.4,11.973333333333336,6.6,3.0843244756776755
299,Rio,2012-12-01,31.5,28.112903225806452,24.6,1.6177642876273974,21.9,5.187096774193548,0.0,6.263744457084429,17.5,11.206451612903225,6.2,2.76344416551411
300,Rio,2013-01-01,30.1,25.548387096774196,22.8,2.0548918816232864,160.9,16.68387096774193,0.0,30.007000258541826,17.7,11.229032258064516,4.8,3.0185198965041455
301,Rio,2013-02-01,29.4,27.157142857142862,23.3,1.7091103536805927,44.0,5.282142857142857,0.0,9.742577557316004,14.7,10.321428571428571,7.1,1.682008751211907
302,Rio,2013-03-01,29.2,25.364516129032257,22.4,2.062126473181955,42.4,8.399999999999999,0.4,10.683164325236225,14.1,9.996774193548388,6.4,2.1620181730608006
303,Rio,2013-04-01,26.2,23.009999999999994,20.3,1.7796454509352369,15.7,1.8433333333333333,0.0,3.246184320656816,16.4,9.840000000000002,6.2,2.358784023382708
304,Rio,2013-05-01,25.4,21.806451612903224,19.2,1.8167618599899047,29.9,2.303225806451613,0.0,5.730240476103816,22.8,9.741935483870966,5.2,3.2061164663341417
305,Rio,2013-06-01,23.1,21.529999999999998,20.1,0.7144566297978269,24.6,2.763333333333334,0.0,6.598666706149856,14.3,9.046666666666665,6.1,2.017122110630738
306,Rio,2013-07-01,24.3,19.925806451612903,15.9,2.2259032237027565,24.6,3.0354838709677416,0.0,6.3690160614805995,20.4,9.912903225806456,6.2,2.92867910333696
307,Rio,2013-08-01,24.3,20.674193548387095,17.1,1.9176318280517222,7.4,0.6806451612903226,0.0,1.5559390208356945,16.6,11.267741935483869,7.3,2.629497682926557
308,Rio,2013-09-01,26.2,22.299999999999997,17.9,2.328089345364563,21.4,2.7800000000000002,0.0,5.035419374378073,22.2,12.666666666666664,8.9,3.027498493217921
309,Rio,2013-10-01,26.9,22.583870967741937,18.7,2.2272698944662497,25.2,4.470967741935484,0.0,6.961953439870504,21.4,12.319354838709677,6.2,3.379193133953598
310,Rio,2013-11-01,29.6,23.769999999999996,20.4,2.2164199153994515,54.0,8.226666666666667,0.0,12.152052000221689,18.6,11.916666666666668,5.9,3.1241090684008403
311,Rio,2013-12-01,30.0,25.26774193548387,22.7,2.065169419486643,35.7,5.254838709677419,0.0,7.430066787931202,17.1,11.270967741935484,5.1,2.796687749033023
312,Rio,2014-01-01,30.8,28.525806451612905,25.5,1.3309063933864729,19.3,2.3161290322580643,0.0,4.600007012617375,15.3,11.158064516129032,5.4,2.307780202351513
313,Rio,2014-02-01,30.5,28.23928571428571,23.8,2.0197798350341505,31.7,2.2821428571428575,0.0,6.608863496818249,16.1,12.34642857142857,8.4,1.531516349257274
314,Rio,2014-03-01,30.5,26.574193548387097,23.3,1.8570528159668271,30.8,5.025806451612902,0.0,7.202822027600732,14.3,10.54516129032258,6.2,1.6952558724624078
315,Rio,2014-04-01,26.9,23.65666666666667,19.2,2.150009355766867,39.8,6.176666666666667,0.0,9.1999506495428,19.4,10.596666666666668,6.0,2.9005924880288156
316,Rio,2014-05-01,23.8,21.774193548387096,19.2,1.4484400210653032,7.7,1.4645161290322581,0.0,2.403129679826812,17.1,9.793548387096775,6.0,3.0050996083181634
317,Rio,2014-06-01,24.5,21.416666666666668,18.7,1.3864077454997175,24.0,2.05,0.0,5.337230975211642,19.7,9.373333333333333,6.1,2.6424822882430377
318,Rio,2014-07-01,22.6,20.074193548387097,17.6,1.4271107740082136,50.3,3.4000000000000004,0.0,9.360377485265573,20.6,9.761290322580646,5.1,3.2018408683500437
319,Rio,2014-08-01,24.0,20.64516129032258,17.1,1.7895695403601801,11.5,1.6419354838709674,0.0,3.346318792698267,20.9,11.061290322580644,7.2,3.12886320350324
320,Rio,2014-09-01,26.3,22.740000000000002,18.5,1.875357437194675,13.3,1.2766666666666666,0.0,2.777953021292071,21.1,13.663333333333336,8.9,2.81859384522989
321,Rio,2014-10-01,29.1,24.093548387096774,18.1,3.0404972711571343,9.6,1.1709677419354838,0.0,2.4474740105378165,19.6,13.645161290322582,5.4,2.9054934990666004
322,Rio,2014-11-01,29.0,24.91,20.6,2.385350404390126,40.6,5.119999999999999,0.0,8.743367929958152,16.9,13.04,8.4,2.1363197487655063
323,Rio,2014-12-01,30.7,27.103225806451615,22.7,2.2126129155318823,42.1,4.183870967741936,0.0,8.346100757207665,17.6,12.522580645161291,5.9,2.6967523279455183
324,Rio,2015-01-01,32.8,29.44193548387097,25.8,1.9144667131342148,21.3,4.025806451612903,0.0,6.21481926483978,15.9,11.06774193548387,6.2,2.496983125930729
325,Rio,2015-02-01,30.3,27.432142857142857,25.1,1.2640480450985476,26.0,7.921428571428571,0.0,8.055748218823584,15.2,10.39642857142857,6.6,2.1008785010538986
326,Rio,2015-03-01,27.8,25.8,23.6,1.03569622315941,33.7,8.170967741935485,0.0,8.418360630130117,14.9,9.106451612903227,4.2,2.364590941913769
327,Rio,2015-04-01,27.1,23.970000000000002,20.7,1.5550030491155382,23.7,2.7866666666666666,0.0,4.760594959436908,19.4,10.636666666666665,6.1,2.7180727621294256
328,Rio,2015-05-01,24.7,22.009677419354837,20.2,1.2023185486688286,11.6,2.190322580645161,0.0,3.240509716974546,15.7,9.648387096774192,6.4,1.86920142801535
329,Rio,2015-06-01,24.3,21.51,18.5,1.7215370037185995,14.8,1.74,0.0,3.7708135041073856,17.9,10.263333333333332,4.8,3.0989968714400797
330,Rio,2015-07-01,23.9,21.816129032258065,18.1,1.3577178828690315,11.9,1.5225806451612904,0.0,3.1595052014958878,23.6,10.029032258064515,6.7,3.2196473459461465
331,Rio,2015-08-01,25.4,22.412903225806453,20.6,1.1635411281898231,8.1,0.6451612903225806,0.0,1.8110473414900778,15.6,10.861290322580645,6.6,2.3211602586285505
332,Rio,2015-09-01,28.9,23.62333333333333,18.4,2.8411609250971424,45.4,5.036666666666667,0.0,9.772780048945002,24.3,11.803333333333333,8.4,3.413511018184117
333,Rio,2015-10-01,30.6,25.00322580645161,20.6,2.4860254585673816,9.6,2.1193548387096777,0.0,3.02835701933559,17.1,12.651612903225805,9.0,2.021364385382958
334,Rio,2015-11-01,29.2,25.416666666666664,23.0,1.6946331783590816,38.4,7.896666666666666,0.0,10.114840013848323,17.3,11.583333333333334,7.0,2.3565145701947676
335,Rio,2015-12-01,31.0,27.141935483870967,22.8,2.426076969588061,22.0,4.064516129032258,0.0,5.231542053550227,18.5,11.709677419354838,8.2,2.400465904598477
336,Rio,2016-01-01,30.4,26.174193548387095,21.7,2.416052943947419,34.5,10.309677419354838,0.0,11.857019154315575,18.8,11.138709677419353,4.8,3.4025164627918985
337,Rio,2016-02-01,30.8,28.00344827586207,25.1,1.3425675717553527,60.2,8.110344827586207,0.0,12.987640961082585,18.4,10.606896551724137,4.9,2.6559812599493187
338,Rio,2016-03-01,28.5,26.529032258064518,23.5,1.2223457089784646,22.2,5.203225806451612,0.0,5.378877446144795,13.7,9.23225806451613,5.4,2.0983147359685574
339,Rio,2016-04-01,28.8,26.453333333333333,20.6,2.0883475291001856,15.4,1.2633333333333332,0.0,3.364160328022979,19.4,10.286666666666665,5.2,2.780316694108826
340,Rio,2016-05-01,25.2,21.98709677419355,19.2,1.5572929365801993,9.4,1.6774193548387097,0.0,2.3607498353163634,16.9,9.97096774193548,5.2,3.2761963258619584
341,Rio,2016-06-01,23.8,19.60333333333334,15.4,2.026460024250431,18.8,1.7266666666666666,0.0,3.956307346009907,13.4,8.850000000000001,6.2,1.9796812700620479
342,Rio,2016-07-01,24.7,20.725806451612904,16.3,2.1694803896994146,3.5,0.21935483870967745,0.0,0.6544307219962041,23.3,9.906451612903227,4.6,3.670870512913884
343,Rio,2016-08-01,25.4,21.64838709677419,17.7,2.2538664509004573,14.4,1.4903225806451612,0.0,3.223905999323355,23.4,13.083870967741936,8.1,3.747007408069676
344,Rio,2016-09-01,27.0,22.62666666666667,19.6,2.057271935377517,16.4,1.6366666666666665,0.0,3.7027932916812323,19.4,12.646666666666665,8.8,2.904423894840342
345,Rio,2016-10-01,28.3,23.22258064516129,19.0,2.91407042667347,33.9,3.72258064516129,0.0,6.623126637141471,20.4,13.100000000000001,7.3,3.1531994333797964
346,Rio,2016-11-01,27.3,23.73,19.4,1.9887875356781999,53.9,8.473333333333334,0.0,13.11708371008858,23.9,12.4,6.1,3.6813603182931507
347,Rio,2016-12-01,31.3,26.590322580645164,21.6,2.8072946453492285,34.6,5.729032258064516,0.0,9.472282144882408,15.7,11.074193548387095,8.0,2.2794689062638374
348,Rio,2017-01-01,30.6,27.906451612903226,25.4,1.337643570829182,34.3,3.9612903225806444,0.0,6.881118001185313,25.6,15.345161290322581,7.4,3.898618448431651
349,Rio,2017-02-01,29.0,27.65357142857143,26.0,0.849174825108401,11.9,1.407142857142857,0.0,2.721373369435553,26.6,18.832142857142856,9.5,4.885659557538707
350,Rio,2017-03-01,29.4,25.7,22.3,2.181742422927143,40.3,5.63548387096774,0.0,10.616670802315157,24.5,16.593548387096778,12.4,3.129849355679488
351,Rio,2017-04-01,26.5,23.853333333333335,20.8,1.3247597917158893,10.3,2.7566666666666664,0.0,3.1450764294570708,24.8,16.97,8.4,4.851885520439273
352,Rio,2017-05-01,24.3,21.867741935483874,19.9,0.8603825105824324,42.1,2.5,0.0,7.758221445666527,27.8,14.829032258064515,8.9,4.0342032297499255
353,Rio,2017-06-01,24.4,21.189999999999998,18.1,1.4181945783526906,28.5,1.9900000000000004,0.0,5.40774349014193,33.4,14.863333333333335,8.0,5.29798161523823
354,Rio,2017-07-01,22.4,20.083870967741937,17.7,0.9832248892271283,4.8,0.7032258064516129,0.0,1.3898402476466476,34.2,16.193548387096772,10.0,4.621899716485346
355,Rio,2017-08-01,24.3,20.370967741935484,18.7,1.3125531223248572,11.8,1.7709677419354841,0.0,3.132006124769138,34.8,18.345161290322583,9.2,6.646745504865642
356,Rio,2017-09-01,24.3,22.006666666666664,19.7,1.2473235714737467,11.8,0.48333333333333334,0.0,2.1689157204231915,28.6,18.25,12.5,3.566970123517853
357,Rio,2017-10-01,26.1,23.554838709677423,20.6,1.4444926928804263,16.1,1.3580645161290321,0.0,3.399781776678065,32.4,19.529032258064515,12.6,4.845492307178366
358,Rio,2017-11-01,27.7,23.76,21.7,1.8836135484753767,56.1,4.193333333333334,0.0,10.698273574332653,29.0,19.65,12.8,4.124673445799408
359,Rio,2017-12-01,28.5,25.08064516129032,22.2,1.6823434755995794,32.0,3.1193548387096772,0.0,6.9980673215223606,28.3,17.02258064516129,8.6,4.228373184210002
360,Rio,2018-01-01,29.0,26.383870967741938,23.5,1.5347305462074978,98.3,7.477419354838709,0.0,19.611590275097004,21.2,15.00967741935484,10.0,2.9733656394406744
361,Rio,2018-02-01,29.1,25.75,22.9,1.407782601061631,23.9,5.167857142857143,0.0,6.636043755098117,21.0,14.464285714285714,9.7,3.0156645709085095
362,Rio,2018-03-01,28.6,26.38064516129032,24.9,0.8642605142890311,24.7,3.574193548387097,0.0,7.567649029121066,25.7,15.68709677419355,9.0,3.7429704723640618
363,Rio,2018-04-01,27.5,24.270000000000003,22.5,1.35319545189691,24.8,2.4766666666666666,0.0,5.542356235724854,26.0,15.013333333333332,9.9,3.2728489470009237
364,Rio,2018-05-01,25.2,22.154838709677417,19.5,1.5057309874116336,12.0,1.4387096774193548,0.0,2.633967529457522,26.8,14.816129032258067,9.8,3.7323001642591707
365,Rio,2018-06-01,24.4,21.72333333333334,20.0,1.2181623620149675,13.3,1.5,0.0,2.9763435100228555,24.5,14.046666666666665,8.6,4.164193288876783
366,Rio,2018-07-01,23.2,21.42258064516129,18.4,1.2411579747476025,29.4,2.1548387096774193,0.0,5.804644043618719,28.1,14.583870967741936,7.6,5.366010111444911
367,Rio,2018-08-01,23.7,20.467741935483872,18.9,1.2351483303026656,9.2,1.9774193548387093,0.0,2.667671853560623,30.2,15.229032258064516,8.8,4.7620159280418966
368,Rio,2018-09-01,25.5,22.17,19.4,1.8228719288434712,10.1,1.53,0.0,2.628117196777952,29.6,17.266666666666666,7.6,5.055303349357286
369,Rio,2018-10-01,26.6,23.116129032258062,20.1,1.5029075762653201,13.1,3.2709677419354835,0.0,3.854624369800262,28.0,17.254838709677422,9.3,4.948726348578822
370,Rio,2018-11-01,27.7,24.050000000000004,20.8,1.8154034414345515,45.6,4.656666666666667,0.0,9.361980461468585,29.9,17.490000000000002,7.9,5.16188618292938
371,Rio,2018-12-01,28.2,25.52903225806452,21.3,1.8011465882204212,19.5,2.2580645161290316,0.0,4.512262861251797,25.6,16.96774193548387,11.2,3.3532458997986008
372,Rio,2019-01-01,30.1,28.164516129032254,26.4,0.9523824116732292,6.8,0.8193548387096775,0.0,1.8227121467451937,24.2,16.690322580645162,11.3,3.0129005779270446
373,Rio,2019-02-01,29.6,26.689285714285717,24.0,1.650216436021132,37.7,5.035714285714286,0.0,8.286544840693582,34.9,16.35,9.6,5.674928617596421
374,Rio,2019-03-01,28.8,26.309677419354838,23.7,1.363171507602688,83.7,7.7451612903225815,0.0,15.600210227422735,24.9,14.83548387096774,6.7,4.17113480858601
375,Rio,2019-04-01,28.1,25.420000000000005,24.0,1.063630737064131,36.7,2.7733333333333334,0.0,7.035228267910657,31.9,15.42333333333333,10.2,4.810167631556945
376,Rio,2019-05-01,26.2,23.974193548387095,21.7,1.3231194811090654,39.0,3.8645161290322583,0.0,9.546397169861056,28.7,15.209677419354836,6.6,4.85491880046822
377,Rio,2019-06-01,25.1,22.600000000000005,20.4,1.1359334608973395,4.1,0.65,0.0,1.2300126155787017,30.7,14.35,8.1,5.464036022499524
378,Rio,2019-07-01,26.1,21.016129032258068,18.4,1.7950110072445336,24.7,1.5548387096774194,0.0,4.551178507425478,34.6,16.903225806451612,9.0,6.701367217265829
379,Rio,2019-08-01,24.3,20.687096774193545,18.0,1.7619576111972486,16.9,2.487096774193548,0.0,3.900319810432975,37.2,19.638709677419353,10.3,6.849947806095793
380,Rio,2019-09-01,25.6,21.826666666666668,19.1,1.5791602598966266,17.3,3.233333333333333,0.0,4.795064512408662,27.7,18.889999999999997,7.0,5.458201674291761
381,Rio,2019-10-01,27.1,23.416129032258063,20.9,1.6066729130293964,17.3,1.5838709677419356,0.0,3.2368808828040563,24.3,17.14516129032258,10.7,3.3360494310563826
382,Rio,2019-11-01,26.9,23.473333333333333,21.3,1.3579734732398079,22.3,5.1,0.0,6.098841043097083,27.1,19.04,10.8,4.358234378340812
383,Rio,2019-12-01,28.8,24.764516129032256,22.2,1.5730116310434104,22.1,2.9,0.0,4.991926815702864,22.9,15.874193548387096,8.4,3.9398788257115624
384,Rio,2020-01-01,29.6,26.16451612903226,23.9,1.6782030840747046,25.1,3.3225806451612905,0.0,5.900379065643119,25.8,15.958064516129035,11.6,3.480304028246995
385,Rio,2020-02-01,28.6,25.7,22.7,1.6951611807056666,57.6,8.941379310344828,0.0,13.706607302459728,37.6,16.858620689655172,9.4,5.3400452941751695
386,Rio,2020-03-01,27.3,24.412903225806446,22.5,1.1887646067756985,58.8,4.816129032258063,0.0,11.795792944215142,26.3,17.125806451612906,10.5,3.4953271417646996
387,Rio,2020-04-01,27.5,23.350000000000005,22.2,1.2483782583264054,18.4,1.5433333333333334,0.0,3.369608933958968,28.1,15.753333333333332,9.8,4.095980648301987
388,Rio,2020-05-01,25.3,21.64516129032258,19.5,1.3812648091941961,27.2,3.0935483870967744,0.0,7.034483420212695,34.8,16.780645161290323,9.2,5.672531436953506
389,Rio,2020-06-01,24.8,22.32666666666666,20.1,1.2684319217955233,5.6,0.9033333333333334,0.0,1.6026881154492594,35.8,14.423333333333334,8.4,5.586602405468069
390,Rio,2020-07-01,25.2,21.780645161290323,19.3,1.6648161770074814,25.4,1.9838709677419355,0.0,4.972598031491757,33.0,16.40967741935484,9.6,5.305553998010618
391,Rio,2020-08-01,24.6,20.980645161290322,17.8,1.8219804892549771,33.6,2.045161290322581,0.0,6.709139970203704,31.8,16.793548387096774,11.1,4.618580985820282
392,Rio,2020-09-01,26.6,23.269999999999996,20.3,1.4302519671915064,109.0,5.203333333333333,0.0,20.104476827456796,32.5,17.683333333333334,11.2,5.2452989351933255
393,Rio,2020-10-01,29.3,23.551612903225802,21.0,1.6808472006187707,20.1,2.8612903225806448,0.0,4.8851937811687565,28.0,20.258064516129036,12.2,5.003050682237015
394,Rio,2020-11-01,26.5,23.156666666666673,20.3,1.7684365456786837,43.8,4.22,0.0,8.107399770239699,27.8,17.17666666666667,8.4,4.81632878741742
395,Rio,2020-12-01,28.5,25.335483870967742,22.6,1.4992327787008868,37.0,6.103225806451612,0.0,8.613225639328073,22.2,14.338709677419356,5.9,4.030192503206668
